image_id,qr_index,x0,y0,x1,y1,x2,y2,x3,y3,content
2656508531_jpg.rf.e3471da597bbb5c678c7b81a9444a45a,0,64,73,169,73,169,156,64,156,
2879826877_jpg.rf.e5a0a919ca06cd38041277acc8078c7c,0,195,420,295,417,299,543,199,545,
IMG_20220601_162857_jpg.rf.e37733db42ffb9cfe2084c2b7e0e0859,,,,,,,,,,
1932429740_jpg.rf.e6a7bf47534a5bac958e9fa0bfbac030,,,,,,,,,,
glareimage012_jpg.rf.ef40b6d1d694679efbbdd5dbdc2050b4,0,271,358,355,356,357,438,273,440,
4_jpg.rf.ea7bb9bcb849a248b176040568902d1c,0,96,42,589,34,597,492,104,500,
2963262766_jpg.rf.e8429960e4f10a86b74c7976796d3a69,,,,,,,,,,
2566618981_jpg.rf.eaa911b50263633865aeceec80f1186a,0,330,351,449,369,437,457,318,439,
2686038510_jpg.rf.e1a2b8871ca7abaf5b98783b8f691fa6,0,478,111,560,111,560,149,478,149,
4528956445_jpg.rf.ea901d7683b238bd820f68c12502a7cb,0,231,32,336,32,336,135,231,135,
4286729304_jpg.rf.ef718eae4d45201d5c779a8d471ed20f,,,,,,,,,,
2908131194_jpg.rf.ecab4063e54ecd9be7b09b3910ba574d,0,216,300,406,307,400,456,210,448,
blurredimage030_jpg.rf.e5cf7057a6c5f1983a7ded7ab0a7ee95,0,381,338,499,342,495,441,378,436,
2686139452_jpg.rf.e2f1958b1febbb9f78b1603f49a2af47,0,3,467,95,467,95,586,3,586,
brightnessimage023_jpg.rf.e7c7a64e440c247584fa0c14af6acefa,0,452,266,538,266,538,332,452,332,
brightnessimage023_jpg.rf.e7c7a64e440c247584fa0c14af6acefa,1,405,371,505,374,503,449,403,446,
brightnessimage023_jpg.rf.e7c7a64e440c247584fa0c14af6acefa,2,146,259,323,254,327,388,150,393,
5241281672_jpg.rf.ee1b15753a5c459f127e227698a177f8,0,-13,-11,676,-11,676,676,-13,676,
glareimage017_jpg.rf.ed771eb7a086b3de49fff17bb70ea2f1,0,189,272,474,279,469,487,184,481,
high_versionimage018_jpg.rf.eed99bfbd2b397d7ec0f652ba6828f54,0,27,49,588,19,617,559,55,589,
curvedimage049_jpg.rf.ec8ecfdecbc33b3f51fec80ce2c41922,0,94,113,557,203,487,564,24,474,
4956470281_jpg.rf.ed0cbb1c0b8fcf8de7c8e6d9044d3097,0,10,428,69,428,69,496,10,496,
1134131119_jpg.rf.ed5baa9448306c95940068ba1c6069ad,0,411,253,511,208,570,336,470,380,
glareimage040_jpg.rf.ef11e7f0f75db08bb7d3ac5723cf1c6d,0,184,88,553,178,460,556,91,466,
brightnessimage014_jpg.rf.e355ea0ce26036d0cc224f5831ae86a3,,,,,,,,,,
4917222006_jpg.rf.ece6925763291c22ac63961d200e1a70,0,435,87,621,90,618,366,431,364,
0494045485_jpg.rf.e6c1fe8917c8f2db08674e958eae35ed,0,205,219,458,222,454,569,200,566,
blurredimage005_jpg.rf.f19ad89862a8d291f95743c86218a29f,0,34,213,232,212,234,359,36,361,
IMG_20220604_164253_jpg.rf.f1df64ce9b47f73b90813425c9b11648,0,185,409,237,411,236,454,183,452,
5117982907_jpg.rf.f20b8ecca85b7d1818958394431c066e,,,,,,,,,,
2716844652_jpg.rf.f4446bc4e4b6e33a285b11f92d1c40bf,0,166,290,246,326,227,374,146,337,
high_versionimage019_jpg.rf.f735f77fc33613b55767e7d1559331b5,0,19,41,629,41,629,580,19,580,
5117983633_jpg.rf.f46461108709752cc20389c0604103d0,,,,,,,,,,
rotationsimage004_jpg.rf.f55e736ffc3e1b6e2a25e7acba43e067,0,332,182,423,216,399,283,308,249,
rotationsimage004_jpg.rf.f55e736ffc3e1b6e2a25e7acba43e067,1,451,257,557,302,524,383,417,338,
rotationsimage004_jpg.rf.f55e736ffc3e1b6e2a25e7acba43e067,2,179,315,382,391,326,545,124,469,
IMG_20220602_172150_jpg.rf.fcc9fc0d716298a573810cc76f75d798,0,519,234,649,234,649,428,519,428,
bright_spotsimage029_jpg.rf.f0d7bae76ed2548b20973418cba30bc6,,,,,,,,,,
curvedimage029_jpg.rf.f808e92b62e32319b82a34d22f18c5dd,,,,,,,,,,
4071142993_jpg.rf.fa8658a322ed3fe8a1b83b6f803845c4,0,120,412,164,413,163,475,118,474,
IMG_20220602_155756_jpg.rf.f6500029d5a796840f3259341f8cc077,0,132,463,247,427,272,511,157,547,
glareimage001_jpg.rf.f5f1e18fa01aadd62855351b5bc8053c,0,154,391,223,380,232,439,163,450,
1103_U72oYkT2C_jpg.rf.f8df74eb25cc07cdbcd0a16ff54bd2a6,0,146,239,470,234,474,517,151,522,
2781830325_jpg.rf.f24e182c9fa7ca64210785a84b683961,0,307,298,481,327,461,453,287,424,
4941559651_jpg.rf.fa9d47928b07ef125f71a933798629bd,0,220,368,255,356,282,424,246,436,
5098699881_jpg.rf.f54f7f4acecf65b7e4e9a724e2148ea4,0,190,341,283,344,280,462,187,459,
nominalimage017_jpg.rf.f9db3d80c7114e9283700437cb15cbce,0,75,189,310,228,278,421,43,382,
3359230395_jpg.rf.fbbfabab7302d100d3efcbc0c2e9ba08,0,213,3,372,4,370,160,211,158,
3359230395_jpg.rf.fbbfabab7302d100d3efcbc0c2e9ba08,1,222,193,361,193,361,313,222,313,
perspectiveimage008_jpg.rf.fe5c7aca599dfdd9e9218d82290289fa,0,208,206,345,197,362,455,225,463,
5243755298_jpg.rf.fdc668c82408304511921f6ed68e20bf,0,74,127,244,127,244,340,74,340,
5275251433_jpg.rf.f318573f6bc0ed7ca38c2733d1a60146,,,,,,,,,,
0193927093_jpg.rf.1418fb337aac78778df364a0a8f5ec5b,,,,,,,,,,
IMG_20220530_164835_jpg.rf.17b07633f61ae0b9084d7dfd2f80b132,,,,,,,,,,
0330745745_jpg.rf.1f9243017c5f150b39c54ba1753f9a54,0,301,368,371,369,369,459,300,457,
0330745745_jpg.rf.1f9243017c5f150b39c54ba1753f9a54,1,349,209,371,210,370,242,347,241,
0330745745_jpg.rf.1f9243017c5f150b39c54ba1753f9a54,2,457,371,494,371,494,446,457,446,
4763260540_jpg.rf.232d3db687a6d00758dbad6971afeec4,0,287,163,562,153,577,539,301,549,
curvedimage045_jpg.rf.0f41b97593d650ee661ec46f5af4a742,0,56,89,537,49,575,511,95,552,
5148591627_jpg.rf.1cdcbbc3ab79bb3b42ce86d2ed6f5fca,0,213,183,430,184,429,402,212,401,
4823426566_jpg.rf.0bbb13ea8ba04ca0c3475b7abffdce0b,0,133,44,487,24,512,453,159,474,
2595337510_jpg.rf.0cd17a402cae13c332266fe611e95477,0,221,297,269,297,269,359,221,359,
4401_W4V5aRQjB_jpg.rf.105de5d97d4efce52cedaa92c84d87ad,0,51,97,579,102,575,632,47,627,
closeimage030_jpg.rf.1c82cd49e7e5891bd9847ef9604e3a31,0,0,128,639,134,639,618,0,611,
noncompliantimage002_jpg.rf.0ba4349166d278645c72005c4d51a76c,0,283,120,464,53,564,311,384,377,
5046378711_jpg.rf.136afcfa07411242eb45f634b8a88d1e,0,518,329,551,331,550,359,516,357,
IMG_20220602_172324_jpg.rf.129d697440645424bb8b75c57948fbba,0,325,308,405,308,405,367,325,367,
pathologicalimage011_png_jpg.rf.1f331d696a2b888c7b32410238e337f8,0,39,39,601,39,601,601,39,601,
4349887791_jpg.rf.17115f267fc07839cb1e964e662f0069,0,117,27,415,4,459,523,161,546,
rotationsimage010_jpg.rf.227719e032302170a858e2d62a81a9e1,0,246,223,356,256,333,337,223,304,
rotationsimage010_jpg.rf.227719e032302170a858e2d62a81a9e1,1,150,332,245,358,226,429,131,403,
rotationsimage010_jpg.rf.227719e032302170a858e2d62a81a9e1,2,378,335,580,386,543,537,341,485,
IMG_20220601_164254_jpg.rf.0bb5fa497351f2e36564fa21f1a9a350,0,-38,-38,677,-38,677,677,-38,677,
4059282918_jpg.rf.15695cf30d491e6e40e542a49a6bfd6a,0,44,143,331,136,340,513,54,520,
4613809117_jpg.rf.1cc6d261d22d514a05b002cddc4ddf52,0,324,453,383,453,383,502,324,502,
blurredimage014_jpg.rf.1cd1fcb4fda7be97b92543f229eb329b,0,121,170,192,170,192,259,121,259,
4872978369_jpg.rf.168d8f035b22b6a3a1951b0174d1ba1e,0,166,63,281,61,283,165,169,168,
closeimage038_jpg.rf.0ba05c588f3cb66f1a852a6271305dc9,0,6,247,581,228,592,592,17,611,
IMG_20220602_160416_jpg.rf.0e7b0a4af019d3a3497c0fe824121f2b,0,338,390,450,386,453,475,341,478,
2413404095_jpg.rf.0fba6583d7951a817772d13fbc9f895b,0,132,438,485,369,523,583,170,651,
664_U7JGADtrC_jpg.rf.1a2b948593dde942b66674783f9692bd,0,85,46,578,46,578,500,85,500,
damagedimage014_jpg.rf.23e098c3fc1a988af837dfec236314f0,0,71,100,512,100,512,527,71,527,
4501_W4vVKpWjB_jpg.rf.26c2fe6ca840dbffeca384f8f1a7970a,0,186,130,432,101,460,338,213,367,
curvedimage036_jpg.rf.23b22f84532760fdce85fa35cc5dcf29,0,293,349,399,335,412,439,306,453,
shadowsimage010_jpg.rf.2773704bcee4df3a9bc0da5010a6a873,0,100,138,426,94,474,446,148,490,
shadowsimage010_jpg.rf.2773704bcee4df3a9bc0da5010a6a873,1,394,-24,663,-24,663,428,394,428,
nominalimage043_jpg.rf.2a312b4f50c167fe5b85a1d7fd27705a,,,,,,,,,,
closeimage018_jpg.rf.27de960a2eab6594a1ab3c31fa54cf6f,0,0,167,584,45,639,463,64,585,
IMG_20220602_170338_jpg.rf.296c289cacc5024481e9ced45627b9b4,0,-47,117,677,97,686,489,-39,508,
5210682827_jpg.rf.328c82608e6b8e5fc8ffcd8d9c67046a,0,275,555,370,553,372,621,276,624,
5121473172_jpg.rf.2e3d3b29754bbabd1bb6939b24e2ae79,0,460,520,539,520,539,626,460,626,
5121473172_jpg.rf.2e3d3b29754bbabd1bb6939b24e2ae79,1,-5,511,60,511,60,609,-5,609,
5121473172_jpg.rf.2e3d3b29754bbabd1bb6939b24e2ae79,2,379,516,455,517,454,624,377,623,
5121473172_jpg.rf.2e3d3b29754bbabd1bb6939b24e2ae79,3,61,506,128,512,119,616,52,611,
5121473172_jpg.rf.2e3d3b29754bbabd1bb6939b24e2ae79,4,128,469,230,475,221,621,120,616,
5121473172_jpg.rf.2e3d3b29754bbabd1bb6939b24e2ae79,5,243,474,356,477,351,626,238,622,
5330422656_jpg.rf.2e791b365e92e95add0e9318b62e80d0,0,390,234,538,234,538,423,390,423,
curvedimage030_jpg.rf.26c5b5fcb1f3b6d2d4da580776dc22f2,0,314,262,496,246,514,451,332,466,
2423605457_jpg.rf.2a46b7d4dccf41d30184201d97741826,0,170,258,299,258,299,411,170,411,
curvedimage043_jpg.rf.2f11de42046e623853b153b804eb389e,0,106,272,351,92,549,363,304,542,
3910499736_jpg.rf.2e8abe2aad4693d928896512d45cdef6,0,244,188,444,166,461,318,261,341,
IMG_20220601_163453_jpg.rf.332c5b10a16f9f3d6be5eaa3f42d6527,0,75,348,177,340,181,401,79,408,
nominalimage045_jpg.rf.320fa00a7993bf530a7eb5f8d96cb6b6,0,117,88,255,145,191,300,52,243,
nominalimage045_jpg.rf.320fa00a7993bf530a7eb5f8d96cb6b6,1,442,335,573,413,472,578,341,500,
blurredimage006_jpg.rf.3024294529b701308be70f4fe248cfc5,0,280,327,433,334,429,443,276,437,
glareimage015_jpg.rf.2a5435622d26aeeadfd3b4940be6396a,0,210,165,414,172,406,435,202,428,
curvedimage005_png_jpg.rf.2b6ec98a4af78439a25b29d7593f8bfe,,,,,,,,,,
noncompliantimage013_jpg.rf.31c480d2c2051c451c962e66c74746ca,0,283,120,464,53,565,311,384,378,
noncompliantimage013_jpg.rf.31c480d2c2051c451c962e66c74746ca,1,38,309,240,237,346,516,145,589,
3905670538_jpg.rf.278fb4b882d1836da06a08d40e9d03cd,0,152,105,449,105,449,531,152,531,
1586_U7QijHUcC_jpg.rf.2b77ddf7125bfcdd84ac9cb3317b4a15,0,219,191,412,190,414,363,221,365,
4195660045_jpg.rf.2cbcc5c10fae64a8990cfce7716254d8,0,234,223,304,221,306,309,236,311,
4354342598_jpg.rf.2927756846cf9f99ad8b711f1cef26a7,,,,,,,,,,
1806_U7hXo6PCC_jpg.rf.299cfb8fe7acf020364e562941a592a3,0,191,256,408,255,410,454,193,455,
5230841770_jpg.rf.33cfab2f2b755fbff14e72b3f5700387,,,,,,,,,,
5117984259_jpg.rf.38c21f0f9aa6b14e46f31812a6138e20,,,,,,,,,,
4952260665_jpg.rf.40f8d177dbf585606e31ab33c3282ff1,0,19,435,141,432,145,564,22,567,
4567505369_jpg.rf.3605c74904cbed9b9321a41c78a1e96f,,,,,,,,,,
3002670645_jpg.rf.3b02e97da16caefcd19f9685ebca7ec8,0,218,215,352,215,352,391,218,391,
closeimage017_jpg.rf.40c3c6e684a9ba7e6f134908944d158f,0,0,254,527,30,639,427,107,639,
5077511105_jpg.rf.45b781ec6a962fbdb364af9e3bf710b2,0,370,268,504,311,450,474,316,431,
4791733019_jpg.rf.4542da48b883c53bfe5effcb7179531b,0,324,530,387,530,387,592,324,592,
5200811157_jpg.rf.3cdbbbe6b7f97b26c599c9a0238db4a9,0,298,373,346,373,346,435,298,435,
3615900549_jpg.rf.456b34c6c86c557335f77813a57c5799,,,,,,,,,,
rotationsimage035_jpg.rf.43ba2b13cd50aa40a11ddab470d40186,0,112,242,229,232,234,301,117,310,
rotationsimage035_jpg.rf.43ba2b13cd50aa40a11ddab470d40186,1,327,266,568,228,589,374,348,412,
rotationsimage035_jpg.rf.43ba2b13cd50aa40a11ddab470d40186,2,82,357,199,342,208,420,92,434,
glareimage005_jpg.rf.43fb3355b0da61501071c59469286953,0,299,402,348,390,360,434,311,447,
bright_spotsimage025_jpg.rf.3ffb604e381e0043e8cfc3aba41017f8,,,,,,,,,,
IMG_20220602_155807_jpg.rf.43e889b9612363989d4eed2b989e63cc,0,410,373,473,330,544,425,481,469,
rotationsimage043_jpg.rf.3d1cf43cee48db4236b9a5457e3bd53a,0,454,317,559,325,554,390,449,382,
rotationsimage043_jpg.rf.3d1cf43cee48db4236b9a5457e3bd53a,1,62,271,306,288,296,434,53,417,
rotationsimage043_jpg.rf.3d1cf43cee48db4236b9a5457e3bd53a,2,385,420,533,437,521,543,374,527,
IMG_20220602_172141_jpg.rf.3679d3efbfa7c8e980bfede0f1b68a3f,,,,,,,,,,
4864169133_jpg.rf.409e2b2974e618f35ac4cae3b74c13b3,,,,,,,,,,
bright_spotsimage007_jpg.rf.404a566d68481364e783c2664a6c47ee,,,,,,,,,,
IMG_20220530_143641_jpg.rf.4441fcffef22602347d78fdee71ca124,,,,,,,,,,
4498433956_jpg.rf.44ddaa447aa0e3584c32f5534f9fc6ca,0,343,166,590,186,566,471,319,450,
4498433956_jpg.rf.44ddaa447aa0e3584c32f5534f9fc6ca,1,234,158,599,186,577,472,212,444,
4498433956_jpg.rf.44ddaa447aa0e3584c32f5534f9fc6ca,2,61,143,332,172,299,473,28,444,
4597824773_jpg.rf.42f85e9b306a65c26a2e23d139f577e2,0,383,42,463,82,405,192,325,152,
4597824773_jpg.rf.42f85e9b306a65c26a2e23d139f577e2,1,477,200,571,157,627,276,533,318,
4597824773_jpg.rf.42f85e9b306a65c26a2e23d139f577e2,2,7,92,62,96,55,189,0,185,
4597824773_jpg.rf.42f85e9b306a65c26a2e23d139f577e2,3,548,421,643,459,596,572,501,534,
4597824773_jpg.rf.42f85e9b306a65c26a2e23d139f577e2,4,239,441,306,398,369,492,302,535,
4597824773_jpg.rf.42f85e9b306a65c26a2e23d139f577e2,5,160,306,228,330,193,424,125,400,
4462727544_jpg.rf.3bc652a0e28a342fd4620681ab3b0c41,0,164,209,301,206,304,342,167,345,
perspectiveimage022_jpg.rf.3eece662051261b4354556d4e8d9dc37,0,169,250,285,205,359,384,243,428,
high_versionimage028_jpg.rf.46610d0cac0a3c49abf28afa53dcc514,0,56,52,514,46,521,590,64,596,
rotationsimage007_jpg.rf.46fd7243d9c1cae8a7a8765fea4769ac,0,351,235,462,212,478,292,367,315,
rotationsimage007_jpg.rf.46fd7243d9c1cae8a7a8765fea4769ac,1,258,414,458,358,499,511,299,567,
rotationsimage007_jpg.rf.46fd7243d9c1cae8a7a8765fea4769ac,2,197,253,290,231,306,298,213,320,
damagedimage010_jpg.rf.477d578cdc41b2532e2b6a9d9b61542a,0,138,129,520,186,472,510,90,453,
IMG_20220602_173108_jpg.rf.3ad294e51f69f80f43b80f0dea99b0d8,,,,,,,,,,
curvedimage006_jpg.rf.47a42adb0d8527fecceab90c5df965bc,0,286,413,348,380,393,462,332,495,
closeimage025_jpg.rf.47ab9eef13e73059c0f946bf7d732964,0,4,245,578,225,590,593,16,613,
3875393950_jpg.rf.481f8e62d4323b7caf82e88b8c588197,0,136,102,551,96,556,425,140,431,
2758648750_jpg.rf.48b1166878e854c0f8fbbcd7bacc6a0a,0,-34,-9,570,-9,570,626,-34,626,
pathologicalimage002_png_jpg.rf.49d797bd820efd47581ee076debdaeef,0,31,-38,608,-38,608,677,31,677,
IMG_20220601_162509_jpg.rf.4dc28bbfd6251c017484590d9b435cea,0,14,277,39,277,39,298,14,298,
IMG_20220601_162509_jpg.rf.4dc28bbfd6251c017484590d9b435cea,1,132,278,157,278,157,300,132,300,
IMG_20220601_162509_jpg.rf.4dc28bbfd6251c017484590d9b435cea,2,505,440,576,443,574,504,503,502,
IMG_20220602_174445_jpg.rf.49c50ee61b2ff55b6b1e4e52d2c47fbc,0,438,-4,605,-4,605,133,438,133,
IMG_20220602_174445_jpg.rf.49c50ee61b2ff55b6b1e4e52d2c47fbc,1,508,472,589,470,590,536,509,538,
IMG_20220602_174445_jpg.rf.49c50ee61b2ff55b6b1e4e52d2c47fbc,2,36,1,171,-9,175,51,40,61,
IMG_20220602_174445_jpg.rf.49c50ee61b2ff55b6b1e4e52d2c47fbc,3,619,60,640,60,640,82,619,82,
high_versionimage030_jpg.rf.4cbcc9ac7c97d71923cb4584ab97d6e0,0,187,8,441,0,462,590,209,598,
high_versionimage030_jpg.rf.4cbcc9ac7c97d71923cb4584ab97d6e0,1,446,49,630,42,650,472,467,480,
high_versionimage030_jpg.rf.4cbcc9ac7c97d71923cb4584ab97d6e0,2,-15,92,173,87,187,521,-2,526,
1107_U72oYkT2C_jpg.rf.4de721b27b89c5c33866f8940af4dc38,0,188,191,403,189,405,381,190,383,
shadowsimage011_jpg.rf.483b77979d8c4e5704c5a03ae06f4df1,,,,,,,,,,
IMG_20220602_174540_jpg.rf.4ef5ed15770f12b4e530812ff1550a52,,,,,,,,,,
closeimage001_jpg.rf.540a4f2a3b77a9fc366c56c063a9a99a,0,0,128,639,134,639,619,0,613,
closeimage026_jpg.rf.4fcfcfa463775560b00f9f7e8ad9e6f2,0,-4,193,677,228,658,624,-22,590,
3977415218_jpg.rf.580493250aa2f795b793612956747e39,0,149,190,243,190,243,350,149,350,
3977415218_jpg.rf.580493250aa2f795b793612956747e39,1,339,74,544,74,544,373,339,373,
2888182451_jpg.rf.519ee83c87490e1c2016c3a4d3ffd098,0,153,139,335,227,223,461,40,373,
3360048252_jpg.rf.56644d048d4a3a82e04feb7695af3d5b,0,146,112,425,89,458,492,179,515,
rotationsimage027_jpg.rf.570674e72f103adda5c1a4079cd4478d,0,458,237,574,275,555,340,439,302,
rotationsimage027_jpg.rf.570674e72f103adda5c1a4079cd4478d,1,337,186,432,213,420,261,325,235,
rotationsimage027_jpg.rf.570674e72f103adda5c1a4079cd4478d,2,142,250,409,335,360,503,93,419,
3950836668_jpg.rf.4e17a8792e25c243da9dcfa6dc8c126b,,,,,,,,,,
2590705769_jpg.rf.5322dce0b75168584f1b6e5cdddfe547,0,343,151,599,153,594,515,339,512,
nominalimage046_jpg.rf.5827b212bd1390d4472c63bf19200cb8,0,276,216,379,199,394,294,292,311,
nominalimage046_jpg.rf.5827b212bd1390d4472c63bf19200cb8,1,288,421,404,423,402,526,285,523,
2825376970_jpg.rf.5795c9e1bf557505582f41bdd17b1ed9,0,273,84,393,89,387,220,267,215,
3412308815_jpg.rf.5935316454c709ddd589e7660ba605dd,,,,,,,,,,
v3VCard-BasicWikipedia_png_jpg.rf.5a89567c1be749618f7305d937d560eb,0,-9,-9,650,-9,650,650,-9,650,
5206766403_jpg.rf.5a5b530204aed827a904b652a969ae27,0,-38,-38,676,-38,676,676,-38,676,
3989685099_jpg.rf.4d2be83273cc091c532b6d07398e20db,0,518,432,556,432,556,490,518,490,
shadowsimage001_jpg.rf.5224cbeeacf10b6772542825ade8961e,0,438,221,581,219,582,327,439,329,
shadowsimage001_jpg.rf.5224cbeeacf10b6772542825ade8961e,1,71,88,308,72,319,250,83,267,
shadowsimage001_jpg.rf.5224cbeeacf10b6772542825ade8961e,2,487,75,607,68,612,155,492,162,
blurredimage008_jpg.rf.57893d7e9d73029709accef966aaa4a5,0,249,114,506,307,336,536,80,343,
3841778451_jpg.rf.49c5c69f5c806163fadb936c2f67b464,0,104,208,169,208,169,273,104,273,
3841778451_jpg.rf.49c5c69f5c806163fadb936c2f67b464,1,505,192,569,218,524,320,460,294,
3841778451_jpg.rf.49c5c69f5c806163fadb936c2f67b464,2,162,313,241,326,233,376,155,364,
2824550145_jpg.rf.5af2ed264b6dd72045399576960d4446,0,300,284,340,284,340,336,300,336,
IMG_20220604_164414_jpg.rf.5ea985023f9442cfff34e2be9a47fb4b,,,,,,,,,,
4778908748_jpg.rf.5bed9fda48c1969568b5609ad051c20c,0,158,107,426,115,420,322,152,314,
2591540510_jpg.rf.5d04c0b50db5ed9c91b5607a23f54366,0,103,34,518,40,509,623,94,617,
IMG_20220603_120920_jpg.rf.61281f38b4f56dd6fecf1a19e9c9653f,0,62,47,207,78,186,179,42,147,
perspectiveimage026_jpg.rf.612d2749fb058fd4250a1531cd47f860,0,221,201,310,179,362,364,273,386,
2822148224_jpg.rf.644a3f5d54bfcdc5f4fc9d78e87b0866,0,124,210,301,212,300,304,123,303,
3704756357_jpg.rf.633129aaffeaa8c6f99ead0b88eeb882,0,162,51,490,57,482,504,153,498,
2700376493_jpg.rf.63fd97afafd46cd0cbb71a1e4f86e5f0,,,,,,,,,,
4578_W4wHVVfAB_jpg.rf.5ba83ba8efacd41391516bdb38255ac9,0,216,181,443,162,461,376,235,395,
2895474717_jpg.rf.684fa824c2ffcae1f654c45d255a8f2a,0,481,264,542,264,542,342,481,342,
2895474717_jpg.rf.684fa824c2ffcae1f654c45d255a8f2a,1,3,23,111,8,132,148,24,164,
2895474717_jpg.rf.684fa824c2ffcae1f654c45d255a8f2a,2,545,201,607,193,618,275,557,283,
2895474717_jpg.rf.684fa824c2ffcae1f654c45d255a8f2a,3,558,9,620,3,629,85,567,91,
2895474717_jpg.rf.684fa824c2ffcae1f654c45d255a8f2a,4,271,330,357,330,357,436,271,436,
2895474717_jpg.rf.684fa824c2ffcae1f654c45d255a8f2a,5,583,95,646,109,628,188,565,174,
2895474717_jpg.rf.684fa824c2ffcae1f654c45d255a8f2a,6,355,37,462,62,429,202,321,177,
2895474717_jpg.rf.684fa824c2ffcae1f654c45d255a8f2a,7,558,286,638,298,622,399,543,387,
2895474717_jpg.rf.684fa824c2ffcae1f654c45d255a8f2a,8,495,566,591,485,653,561,557,642,
2895474717_jpg.rf.684fa824c2ffcae1f654c45d255a8f2a,9,19,232,142,256,112,405,-10,381,
2895474717_jpg.rf.684fa824c2ffcae1f654c45d255a8f2a,10,465,335,556,335,556,528,465,528,
closeimage027_jpg.rf.6ce7553157f16d672dc220e00810fee3,0,-30,376,394,29,669,377,244,724,
perspectiveimage013_jpg.rf.672aa6c57127a124921c557ad4eeac62,0,286,199,369,194,386,434,302,439,
5079234799_jpg.rf.65426f587c20a00f5658939426e5be28,,,,,,,,,,
1951360565_jpg.rf.6911a36dcc6fd06c27ef7d695576d3ac,,,,,,,,,,
3635425508_jpg.rf.68dfc83a4d219328fb38b55818fa0e57,0,291,285,443,369,366,509,214,425,
glareimage048_jpg.rf.68c0ad4d0a1fcd26218a9d687906d693,,,,,,,,,,
nominalimage030_jpg.rf.6332f4055d1eda17b2f4d7ad76951aa5,0,127,252,266,245,277,460,137,466,
4474_W4vDbqmdB_jpg.rf.6407242ed70f1093c120bee6ec54ca38,0,214,198,444,192,449,407,220,413,
3044664106_jpg.rf.60b5f791706e6c552f26d9374074374d,0,41,471,128,471,128,578,41,578,
4949259371_jpg.rf.627db2b4e874222a326712d26900ba29,,,,,,,,,,
glareimage027_jpg.rf.6c6cd6bde550cb4b4de57590d92954bd,0,167,345,403,345,403,517,167,517,
5182903578_jpg.rf.6e23ba183122bb5a94b0f99906cdf69c,0,191,296,448,291,453,550,196,554,
nominalimage032_jpg.rf.62f79d5286514fa9b91c2243219a0d46,0,261,285,402,271,415,397,273,412,
nominalimage055_jpg.rf.60363a88c92ac288a462be31625e7302,0,119,68,593,83,579,524,105,509,
rotationsimage039_jpg.rf.72a35f714ca0cd2323e8f4b59ade5815,0,250,205,459,205,459,325,250,325,
rotationsimage039_jpg.rf.72a35f714ca0cd2323e8f4b59ade5815,1,107,379,266,384,262,490,103,484,
rotationsimage039_jpg.rf.72a35f714ca0cd2323e8f4b59ade5815,2,349,429,483,429,483,524,349,524,
curvedimage026_jpg.rf.6cc0d2ebaee9e7586772aaa5d2840c20,0,293,348,399,335,412,440,306,453,
pathologicalimage022_png_jpg.rf.6ea10ddda62aedc610c6faeffa48634e,0,15,38,624,38,624,383,15,383,
pathologicalimage022_png_jpg.rf.6ea10ddda62aedc610c6faeffa48634e,1,35,17,424,17,424,622,35,622,
IMG_20220601_164334_jpg.rf.7229626b6990835f16b9201e88b93023,0,-38,-38,677,-38,677,677,-38,677,
IMG_20220530_190424_jpg.rf.72fc1f8c35113f996f3e1a7586fe4dc3,,,,,,,,,,
3979822916_jpg.rf.70f16a9c2b29f16ad77647ab55d163e0,,,,,,,,,,
monitorimage016_jpg.rf.6e020d2f91eb8b49582c78a104169539,0,32,33,601,27,607,608,38,613,
blurredimage011_jpg.rf.73864a3c2a1abc5eea08a18618d14bbb,0,255,-14,665,-35,695,488,285,510,
damagedimage019_jpg.rf.74b9904daa7a0f4c92b4183efc97325b,0,227,246,504,291,467,521,190,477,
high_versionimage021_jpg.rf.8170d5e733f7d83ca09d0fb98cc0fbe4,0,242,9,629,231,411,612,24,390,
damagedimage036_jpg.rf.765d3decae39e7f61dc948a76d3dede6,,,,,,,,,,
closeimage029_jpg.rf.7e2de957c389e67db206cb7561d04026,0,0,128,639,134,639,619,0,613,
IMG_20220601_165001_jpg.rf.7ae43aeddac575c828252288b2119144,,,,,,,,,,
IMG_20220602_160055_jpg.rf.84496b4f025a07656185cc6831af1b44,0,372,415,467,422,461,497,367,490,
2117739855_jpg.rf.7fcf301a9ffd6e758f4e7fa79543e4e2,,,,,,,,,,
4506678195_jpg.rf.8b5ced0fa2cde3efb65e18fd93f75ca3,0,200,219,307,216,312,365,204,369,
0071851287_jpg.rf.8043ec0c5f4dbf2cd093af36eaf4cd23,0,56,335,227,335,227,625,56,625,
0071851287_jpg.rf.8043ec0c5f4dbf2cd093af36eaf4cd23,1,397,387,427,387,427,410,397,410,
4222589347_jpg.rf.881d5aa6c58beb6748e1879843201902,0,352,393,438,393,438,506,352,506,
5036846122_jpg.rf.7e2e23241c4394219ce9a86588f674f2,0,406,282,499,323,468,394,375,353,
glareimage021_jpg.rf.7eeac3f79e49da7b2277bfc03ce00074,0,179,207,450,207,450,515,179,515,
4340209507_jpg.rf.87958953f1c2ad2f1bec0e0842c7e4e6,,,,,,,,,,
closeimage013_jpg.rf.884c18bcb475872e50eb16d9bc401aa3,0,2,100,642,97,644,605,5,608,
nominalimage028_jpg.rf.80879c69d95dea80ae4e0fe7c28ce895,0,360,383,549,381,551,524,361,526,
nominalimage028_jpg.rf.80879c69d95dea80ae4e0fe7c28ce895,1,70,386,263,384,264,527,71,528,
2328987432_jpg.rf.74ccf2c0fe8c1a78fff6da44b1f7d918,0,290,300,336,298,338,341,292,343,
5249052131_jpg.rf.83d478c50a85254ccea1e6c92ccda61d,0,325,460,381,460,381,546,325,546,
IMG_20220604_163746_jpg.rf.86df471cf9bd0e0a50a4b029022c0480,0,185,276,246,273,248,323,187,325,
v2MeCard-Address_png_jpg.rf.7ead788094b7162466b7939f2a3560d1,0,20,20,621,20,621,621,20,621,
3251317632_jpg.rf.7b9708b48f87f155eff8095cd4e4555a,0,415,117,563,127,557,223,409,213,
3251317632_jpg.rf.7b9708b48f87f155eff8095cd4e4555a,1,445,26,586,34,581,124,440,117,
3251317632_jpg.rf.7b9708b48f87f155eff8095cd4e4555a,2,392,214,543,225,536,325,385,314,
3251317632_jpg.rf.7b9708b48f87f155eff8095cd4e4555a,3,368,316,521,330,512,436,359,421,
curvedimage031_jpg.rf.78e77b17f64b7d13c0c3377cfbd5b911,,,,,,,,,,
1816_U7Jaw4AHC_jpg.rf.8b8e85deeaa8aa2585c8a820a3f70bc0,0,193,282,384,280,385,455,195,457,
curvedimage038_jpg.rf.74d359a9e046a819bb8bbf072b0847aa,0,314,262,497,246,514,450,332,466,
2237230336_jpg.rf.8262e82e7aad687426c0f48fc0241e8a,0,206,398,232,398,232,418,206,418,
2237230336_jpg.rf.8262e82e7aad687426c0f48fc0241e8a,1,161,398,187,398,187,419,161,419,
2237230336_jpg.rf.8262e82e7aad687426c0f48fc0241e8a,2,71,399,95,399,95,420,71,420,
2237230336_jpg.rf.8262e82e7aad687426c0f48fc0241e8a,3,115,399,142,399,142,420,115,420,
5281791066_jpg.rf.8a1b0f32aaf14ea17b520c360d81c3e3,0,387,339,554,338,555,412,388,414,
5281791066_jpg.rf.8a1b0f32aaf14ea17b520c360d81c3e3,1,403,268,564,280,560,348,399,336,
brightnessimage007_jpg.rf.914469d8fe35342d6e8b2806e6dfda45,0,440,268,524,268,524,334,440,334,
brightnessimage007_jpg.rf.914469d8fe35342d6e8b2806e6dfda45,1,394,373,493,376,491,450,392,447,
brightnessimage007_jpg.rf.914469d8fe35342d6e8b2806e6dfda45,2,134,263,312,257,316,391,138,397,
5115608464_jpg.rf.93d0cc63035b913ed05a59831fa7f60e,0,127,431,207,431,207,545,127,545,
2124747258_jpg.rf.8cfd1e0925813c77047bddebc86ad777,0,274,438,421,447,413,585,266,576,
brightnessimage015_jpg.rf.9237bad22fa2e9b9b85f976f3d9f2663,0,-38,-38,677,-38,677,677,-38,677,
1491455255_jpg.rf.9f07d315ff00f33946fa716c154ad311,,,,,,,,,,
IMG_20220601_164907_jpg.rf.9be84448aee52e16bb87222ec4083c78,0,195,268,262,268,262,304,195,304,
IMG_20220601_164907_jpg.rf.9be84448aee52e16bb87222ec4083c78,1,437,110,480,110,480,144,437,144,
5333766551_jpg.rf.9e7568714525ad5c4cf4f7e60e773672,0,42,209,331,40,563,421,274,589,
3705368440_jpg.rf.96bbd059adf6a698e82d6c85b9508f5c,0,133,308,298,304,303,511,138,514,
monitorimage012_jpg.rf.965c131846b9a5efdf3fd5d62ba69d24,0,90,45,610,118,542,602,22,529,
IMG_20220602_172811_jpg.rf.96562459e0df545a432f58be11787793,,,,,,,,,,
glareimage039_jpg.rf.a850aca27ff9d96eb31880d96d329dc9,,,,,,,,,,
2928309549_jpg.rf.9936c021a5598a2949ebd92eff7e3431,0,255,237,382,234,385,383,258,385,
nominalimage061_jpg.rf.9e4ea0238951a879c9a062e244af9d63,0,-24,400,433,400,433,663,-24,663,
nominalimage061_jpg.rf.9e4ea0238951a879c9a062e244af9d63,1,207,71,550,220,411,544,67,395,
glareimage028_jpg.rf.a9e66f1b317a668ca9ad0714ae1841f4,,,,,,,,,,
4589_W4wHVVfAB_jpg.rf.9f3694d0963e0a57debe285516fd4222,0,224,229,402,221,409,390,231,398,
damagedimage026_jpg.rf.a77bcca0029867908e37110fc3130e17,0,124,117,551,180,497,558,70,495,
rotationsimage037_jpg.rf.9e4ac6a2ab85a4a846f5bf3ecd1b7c31,0,373,193,596,292,541,426,319,328,
rotationsimage037_jpg.rf.9e4ac6a2ab85a4a846f5bf3ecd1b7c31,1,80,353,214,286,255,375,121,442,
5046634041_jpg.rf.98475e2a7735e91ec7d7e5ea60f037de,0,86,370,181,348,214,486,119,508,
noncompliantimage007_jpg.rf.ab42b28ea6a4bf1b3fceed0cc9897543,0,109,114,574,131,560,531,95,515,
2502803272_jpg.rf.a0814d4bdd8ca5eda54e63db411f249a,,,,,,,,,,
3963140847_jpg.rf.a391e2b49ad93c4a876d7cf1f294d795,0,89,203,512,221,499,531,76,513,
IMG_20220529_155829_jpg.rf.a0224b4e02994cf685f61ee69426c510,,,,,,,,,,
bright_spotsimage027_jpg.rf.9c0d3d9d009b76eb648d6793c6a1be7c,,,,,,,,,,
3629982702_jpg.rf.aeef4fa30e5f110449565fbab31ffa6a,0,356,466,482,461,486,555,360,560,
high_versionimage013_jpg.rf.9de34b7211214c83bc8d2c1be00bc577,0,29,38,583,34,586,578,32,581,
3619033023_jpg.rf.a695f035e91c387fcab1959e9dce5377,0,271,206,412,203,416,414,275,416,
4909615867_jpg.rf.b300130b2ed975f2f6549882e482947b,0,442,343,475,343,475,382,442,382,
4909615867_jpg.rf.b300130b2ed975f2f6549882e482947b,1,283,263,319,271,310,313,273,305,
5087637776_jpg.rf.b1ea835033846ea31e3448988808b587,0,110,390,163,390,163,476,110,476,
5087637776_jpg.rf.b1ea835033846ea31e3448988808b587,1,190,383,220,403,193,442,163,421,
closeimage034_jpg.rf.b155404807055000891c63d760fa23cd,0,0,167,584,45,639,463,64,585,
0939831659_jpg.rf.ae54772a5d31f7ddd7b332121fc80331,0,110,123,481,122,481,379,111,380,
5323776057_jpg.rf.a0e5dfc8b5157b7af8099da35178c08c,0,103,177,170,175,177,359,109,361,
pathologicalimage012_png_jpg.rf.b9a6a87681494eab71a6838269d0de3a,0,39,39,601,39,601,601,39,601,
v2SMS-Text_png_jpg.rf.adcf9a65a3967bcf580a41b7abf76383,,,,,,,,,,
3756525934_jpg.rf.b6d8e6039c0db35c5b3124d61224a1b9,0,186,313,241,313,241,402,186,402,
4903125175_jpg.rf.b6e6893fb1ce28897977e34a54b6556e,0,162,208,324,208,324,404,161,404,
2953726003_jpg.rf.b844849c5a41968de365466a1b128baa,0,224,105,519,100,525,466,230,471,
v2Location_png_jpg.rf.ba95bf921ec780dc1755cfff548e36c5,0,39,39,602,39,602,602,39,602,
v2MeCard-POBOX_png_jpg.rf.b1931b5d8289983784595628f9e44051,0,0,0,639,81,639,495,0,405,
v2MeCard-POBOX_png_jpg.rf.b1931b5d8289983784595628f9e44051,1,0,211,639,169,639,635,6,639,
v2MeCard-POBOX_png_jpg.rf.b1931b5d8289983784595628f9e44051,2,13,213,432,213,432,639,13,639,
5108332243_jpg.rf.b95d3ad4d3b4f1a0b4349f67c0c885f1,0,339,386,527,383,529,530,341,533,
2644723709_jpg.rf.b9f1e9f74e8686f709e14455601f84a5,0,218,231,397,230,399,470,220,471,
5236047029_jpg.rf.bd0bb8f934df90fa80ff5663ccfab957,0,369,340,471,342,468,455,367,453,
4208902494_jpg.rf.b843af79c588d9794fdbd2bbe395d74f,0,138,233,287,230,290,341,141,344,
nominalimage024_jpg.rf.ba79bd94ad09efc8330a27dc3a7be51b,0,393,280,478,280,478,314,393,314,
0216655434_jpg.rf.b6085f9879affbd12145bf5e17aed6c4,0,150,308,355,139,502,322,297,491,
brightnessimage010_jpg.rf.bb2d48c7aeb67ab8c9b03aa0dbbfe923,0,429,259,515,259,515,330,429,330,
brightnessimage010_jpg.rf.bb2d48c7aeb67ab8c9b03aa0dbbfe923,1,122,252,303,247,307,383,126,388,
brightnessimage010_jpg.rf.bb2d48c7aeb67ab8c9b03aa0dbbfe923,2,381,363,485,366,483,443,380,441,
blurredimage035_jpg.rf.bff63005fb38b3e8dc8344c82973dea8,0,108,78,573,122,529,594,64,550,
2546726482_jpg.rf.c1a75be3c6353c17651c90548a6a6310,0,514,337,534,337,534,362,514,362,
IMG_20220604_163800_jpg.rf.bb20781bc2c76433c76bc419078c4488,0,349,378,392,391,379,436,335,422,
IMG_20220604_163800_jpg.rf.bb20781bc2c76433c76bc419078c4488,1,319,113,342,113,342,138,319,138,
perspectiveimage023_jpg.rf.bdbaa0d3c45a3acfa989251622113d51,0,173,224,283,186,355,375,244,413,
IMG_20220601_161944_jpg.rf.c108fa5e096bf547588e70024554d580,,,,,,,,,,
nominalimage009_jpg.rf.c2a66082b9fe1e2227fc287c9e92d2b3,0,187,46,449,5,522,435,260,477,
IMG_20220604_163726_jpg.rf.b4eda79229c1879f721266dde275eb9b,0,385,294,460,284,464,316,388,326,
glareimage032_jpg.rf.bac41a6e5f3e332e9cee0c000ddf3172,0,297,280,367,280,367,333,297,333,
5280793712_jpg.rf.c08c284bfb6eee1788f183d77ad8931a,,,,,,,,,,
shadowsimage007_jpg.rf.bd4591ab582e844b86e1271c4c0fcc33,,,,,,,,,,
5176847124_jpg.rf.c4fa6e9933755a27cf79ededc14d7271,0,-38,-6,676,-6,676,631,-38,631,
nominalimage001_jpg.rf.c30d2725e90aa4411b78ddaa7409d943,0,352,164,465,154,482,319,368,329,
nominalimage001_jpg.rf.c30d2725e90aa4411b78ddaa7409d943,1,234,172,340,172,340,334,234,334,
3360044712_jpg.rf.cdba0aaf13820972927b8bffa0f0242c,0,119,315,251,310,256,446,123,451,
5147145047_jpg.rf.c702d68241195065451530b157d8bbfb,,,,,,,,,,
5118583876_jpg.rf.c8550e6733e1d67ece1291e02f9264f8,0,148,323,264,323,264,486,148,486,
5082957881_jpg.rf.d5fa8768c47ce4b384c5ef2b222e5843,0,306,223,500,231,491,446,297,438,
nominalimage047_jpg.rf.ceb0b3102a94c6fe09c7140899ae159a,0,220,122,333,187,253,322,140,257,
nominalimage047_jpg.rf.ceb0b3102a94c6fe09c7140899ae159a,1,424,364,525,445,416,575,314,494,
5082956763_jpg.rf.c9ed03da41487beb68c58d2d068625bc,0,175,232,255,229,259,343,180,346,
3821619799_jpg.rf.d06ed1a251533907c2a7131ef8c2a59c,,,,,,,,,,
4340207281_jpg.rf.d50691f8e83990c2233ffc1c19122096,,,,,,,,,,
pathologicalimage020_png_jpg.rf.d46850c425c313de9c882112db7cdc1e,0,39,39,601,39,601,601,39,601,
4910229396_jpg.rf.cc39045a286a82a0f0f754cb5b558232,,,,,,,,,,
5327276296_jpg.rf.d5efdc680c17cfdc2027e8c8dbf4fbab,0,384,239,485,243,480,362,379,358,
2455051979_jpg.rf.cc3bfc213138a3c0846121175a7ec572,0,195,300,313,300,313,443,195,443,
4777193629_jpg.rf.d798f54867a4f83d5d1fcf9386fff1e5,0,540,496,611,496,611,583,540,583,
v2YouTube_png_jpg.rf.dd429c693269e51a0df36ffd4741d766,0,31,31,609,31,609,609,31,609,
4604299999_jpg.rf.d656de8c969f36bd3de510092ad99c8c,0,452,35,530,35,530,101,452,101,
4604299999_jpg.rf.d656de8c969f36bd3de510092ad99c8c,1,466,136,551,136,551,213,466,213,
4604299999_jpg.rf.d656de8c969f36bd3de510092ad99c8c,2,215,33,286,33,286,99,215,99,
4604299999_jpg.rf.d656de8c969f36bd3de510092ad99c8c,3,205,134,285,134,285,213,205,213,
4604299999_jpg.rf.d656de8c969f36bd3de510092ad99c8c,4,307,279,397,279,397,380,307,380,
3244197493_jpg.rf.ddfd7e433debffaec71f66036d5fb762,0,363,166,488,168,485,303,360,300,
4064425091_jpg.rf.d2d93be0b07787ec67c4a22e3ff041b1,0,412,211,557,213,555,392,410,391,
3430305612_jpg.rf.c6bbffd0b8046c68c5ed450197fac44a,0,33,77,193,78,191,283,31,282,
closeimage024_jpg.rf.d883b1c92ebdd08f7ce8cb075c740985,0,6,137,660,210,615,637,-38,564,
2159301588_jpg.rf.d342c86b1f6d861ff2e0664e665e31ac,0,518,58,615,85,578,215,480,188,
3866514673_jpg.rf.de362e512d81698ddf595289a8843da0,0,273,244,378,244,378,379,273,379,
high_versionimage007_jpg.rf.d7edf7b2a249a8b1b34d10016f3805d6,0,-13,247,393,-1,627,386,220,633,
rotationsimage009_jpg.rf.d32613f5ff235026bf5b1216960e2a61,0,295,198,395,250,357,328,256,276,
rotationsimage009_jpg.rf.d32613f5ff235026bf5b1216960e2a61,1,168,287,256,329,225,397,137,355,
rotationsimage009_jpg.rf.d32613f5ff235026bf5b1216960e2a61,2,380,327,572,415,507,562,315,473,
noncompliantimage009_jpg.rf.dd219cd9f5b3b5daf37c1e3edfc35289,0,320,110,554,25,659,304,424,389,
noncompliantimage009_jpg.rf.dd219cd9f5b3b5daf37c1e3edfc35289,1,-27,387,231,231,363,456,105,611,
nominalimage020_jpg.rf.cc5543503f1a6003812863b27f3422a6,,,,,,,,,,
IMG_20220604_170007_jpg.rf.e0d78bb71eb3a46d901fde8cc76bb434,,,,,,,,,,
5107382908_jpg.rf.e04bc939e840bca3d33baece1b133f1d,0,481,215,524,215,524,274,481,274,
glareimage042_jpg.rf.e0a27ceb292f70530f4669e746fbcc6c,0,103,79,581,122,544,532,66,489,
IMG_20220601_164125_jpg.rf.e13cbce83537449ac00fc3d0002ae5dc,,,,,,,,,,
IMG_20220601_162818_jpg.rf.e06e0bc9ea6dceab4b5858ea678af26e,,,,,,,,,,
damagedimage011_jpg.rf.0209d40c670124ff4bd3f5404073a549,0,240,489,345,424,394,506,289,571,
4711677723_jpg.rf.02d2fddcfe5cd7b533d9e7183356cc90,0,130,402,191,402,191,504,130,504,
2685217495_jpg.rf.05b566f46421c8320dff7317f6ee45a6,0,-38,-38,659,-38,659,677,-38,677,
rotationsimage038_jpg.rf.0129cce59fb90c658f19910781f052a6,0,137,321,278,373,243,474,102,421,
rotationsimage038_jpg.rf.0129cce59fb90c658f19910781f052a6,1,344,201,563,256,534,382,315,327,
2237234158_jpg.rf.06be162f24ef03cbf94cf930df942b20,0,258,290,370,290,370,383,258,383,
nominalimage036_jpg.rf.0616b77e1fbf5a0f7ad0145700588a3c,0,261,285,402,271,415,397,273,412,
2126492131_jpg.rf.02bed3d95fea6b4905d6ffac0b3a86ab,0,127,121,365,121,365,375,127,375,
5081893983_jpg.rf.0279d3655363a306860fd7a0c7375096,0,305,445,401,443,402,533,307,535,
curvedimage011_jpg.rf.0149c313037ead728abdb7023844cf95,,,,,,,,,,
damagedimage006_jpg.rf.070c13e5daef2e57aa1987a5d80ec93d,,,,,,,,,,
curvedimage024_jpg.rf.0a0655c190bda0c918170899814ed51b,0,310,168,553,95,611,285,367,358,
lotsimage002_jpg.rf.0925323210e66ade731adcae09e5b1c0,0,339,496,367,473,393,503,365,526,
lotsimage002_jpg.rf.0925323210e66ade731adcae09e5b1c0,1,426,126,467,140,457,173,415,158,
lotsimage002_jpg.rf.0925323210e66ade731adcae09e5b1c0,2,172,269,214,275,210,307,168,301,
lotsimage002_jpg.rf.0925323210e66ade731adcae09e5b1c0,3,277,103,319,107,316,140,274,135,
lotsimage002_jpg.rf.0925323210e66ade731adcae09e5b1c0,4,301,459,338,438,354,468,318,489,
lotsimage002_jpg.rf.0925323210e66ade731adcae09e5b1c0,5,184,226,226,231,222,264,180,258,
lotsimage002_jpg.rf.0925323210e66ade731adcae09e5b1c0,6,105,76,147,83,141,116,100,109,
lotsimage002_jpg.rf.0925323210e66ade731adcae09e5b1c0,7,344,247,386,262,375,294,334,280,
lotsimage002_jpg.rf.0925323210e66ade731adcae09e5b1c0,8,219,451,255,431,271,461,235,482,
lotsimage002_jpg.rf.0925323210e66ade731adcae09e5b1c0,9,208,138,250,143,246,176,203,171,
lotsimage002_jpg.rf.0925323210e66ade731adcae09e5b1c0,10,451,288,493,302,482,334,440,320,
lotsimage002_jpg.rf.0925323210e66ade731adcae09e5b1c0,11,135,445,171,424,188,454,153,476,
lotsimage002_jpg.rf.0925323210e66ade731adcae09e5b1c0,12,181,417,217,397,234,427,198,447,
lotsimage002_jpg.rf.0925323210e66ade731adcae09e5b1c0,13,226,389,263,369,279,399,242,420,
lotsimage002_jpg.rf.0925323210e66ade731adcae09e5b1c0,14,255,486,291,465,309,496,273,517,
lotsimage002_jpg.rf.0925323210e66ade731adcae09e5b1c0,15,82,165,123,170,119,203,78,198,
lotsimage002_jpg.rf.0925323210e66ade731adcae09e5b1c0,16,371,207,413,221,402,254,360,239,
lotsimage002_jpg.rf.0925323210e66ade731adcae09e5b1c0,17,162,85,204,91,200,123,158,118,
lotsimage002_jpg.rf.0925323210e66ade731adcae09e5b1c0,18,143,383,180,363,196,393,160,413,
lotsimage002_jpg.rf.0925323210e66ade731adcae09e5b1c0,19,264,424,300,403,317,434,280,454,
lotsimage002_jpg.rf.0925323210e66ade731adcae09e5b1c0,20,128,507,165,486,181,516,144,537,
lotsimage002_jpg.rf.0925323210e66ade731adcae09e5b1c0,21,70,208,111,214,107,247,66,241,
lotsimage002_jpg.rf.0925323210e66ade731adcae09e5b1c0,22,91,472,127,452,143,482,108,502,
lotsimage002_jpg.rf.0925323210e66ade731adcae09e5b1c0,23,586,186,631,200,622,233,577,219,
lotsimage002_jpg.rf.0925323210e66ade731adcae09e5b1c0,24,317,288,359,302,348,334,307,319,
lotsimage002_jpg.rf.0925323210e66ade731adcae09e5b1c0,25,58,252,100,257,96,289,54,284,
lotsimage002_jpg.rf.0925323210e66ade731adcae09e5b1c0,26,220,94,262,100,258,133,215,127,
lotsimage002_jpg.rf.0925323210e66ade731adcae09e5b1c0,27,172,480,209,459,225,490,189,510,
lotsimage002_jpg.rf.0925323210e66ade731adcae09e5b1c0,28,196,182,238,188,234,220,191,214,
lotsimage002_jpg.rf.0925323210e66ade731adcae09e5b1c0,29,423,328,465,342,455,374,413,360,
lotsimage002_jpg.rf.0925323210e66ade731adcae09e5b1c0,30,478,247,520,261,510,294,467,279,
lotsimage002_jpg.rf.0925323210e66ade731adcae09e5b1c0,31,266,146,308,152,304,185,261,179,
lotsimage002_jpg.rf.0925323210e66ade731adcae09e5b1c0,32,189,355,224,334,241,364,207,385,
lotsimage002_jpg.rf.0925323210e66ade731adcae09e5b1c0,33,230,278,272,284,268,316,226,310,
lotsimage002_jpg.rf.0925323210e66ade731adcae09e5b1c0,34,242,234,284,240,280,273,238,267,
lotsimage002_jpg.rf.0925323210e66ade731adcae09e5b1c0,35,127,217,168,222,163,255,122,250,
lotsimage002_jpg.rf.0925323210e66ade731adcae09e5b1c0,36,150,129,192,135,187,167,146,162,
lotsimage002_jpg.rf.0925323210e66ade731adcae09e5b1c0,37,115,261,156,266,152,298,110,293,
lotsimage002_jpg.rf.0925323210e66ade731adcae09e5b1c0,38,165,541,201,521,218,551,181,572,
lotsimage002_jpg.rf.0925323210e66ade731adcae09e5b1c0,39,451,187,494,201,483,233,441,219,
lotsimage002_jpg.rf.0925323210e66ade731adcae09e5b1c0,40,396,267,439,282,429,314,386,299,
lotsimage002_jpg.rf.0925323210e66ade731adcae09e5b1c0,41,203,575,238,554,256,585,221,605,
lotsimage002_jpg.rf.0925323210e66ade731adcae09e5b1c0,42,398,167,440,181,430,213,388,199,
lotsimage002_jpg.rf.0925323210e66ade731adcae09e5b1c0,43,505,206,548,221,537,254,494,239,
lotsimage002_jpg.rf.0925323210e66ade731adcae09e5b1c0,44,138,173,180,178,176,211,134,206,
lotsimage002_jpg.rf.0925323210e66ade731adcae09e5b1c0,45,247,548,285,528,301,558,263,578,
lotsimage002_jpg.rf.0925323210e66ade731adcae09e5b1c0,46,479,146,521,160,511,193,468,178,
lotsimage002_jpg.rf.0925323210e66ade731adcae09e5b1c0,47,476,348,519,362,509,394,466,380,
lotsimage002_jpg.rf.0925323210e66ade731adcae09e5b1c0,48,559,227,602,241,592,274,549,259,
lotsimage002_jpg.rf.0925323210e66ade731adcae09e5b1c0,49,211,513,248,493,263,524,227,544,
lotsimage002_jpg.rf.0925323210e66ade731adcae09e5b1c0,50,370,307,412,322,401,354,359,339,
lotsimage002_jpg.rf.0925323210e66ade731adcae09e5b1c0,51,504,308,547,322,536,355,493,340,
lotsimage002_jpg.rf.0925323210e66ade731adcae09e5b1c0,52,315,499,347,525,324,553,292,527,
